<?xml version="1.0" encoding="UTF-8"?>
<project-private xmlns="http://www.netbeans.org/ns/project-private/1">
    <editor-bookmarks xmlns="http://www.netbeans.org/ns/editor-bookmarks/2" lastBookmarkId="0"/>
    <open-files xmlns="http://www.netbeans.org/ns/projectui-open-files/2">
        <group>
            <file>file:/D:/ownCloud/Concours/SujetB-ALL-JV/maquettes/dsPIC/v2_dsPIC30F/filtreFIR_v2.X/config.h</file>
            <file>file:/D:/ownCloud/Concours/SujetB-ALL-JV/maquettes/dsPIC/v2_dsPIC30F/filtreFIR_v2.X/filtreFIRmain.c</file>
        </group>
    </open-files>
</project-private>
